0,1,2,3,4,5,6,7,8,9,10,11,12,13,14,15,16
0.0,0.0,0.0,0.0,0.0,0.0,0.0,0.0,0.0,0.0,0.0,0.0,0.0,0.0,0.0,0.0,0.0
3.9321858166535895e-07,4.254168495902588e-06,3.416809893990503e-05,0.00019746842615013207,0.0008247753644039796,0.002587279496782607,0.006432978664564172,0.013358469248744896,0.024184014659251917,0.039432022947580914,0.059300951675492986,0.08369485801813059,0.11227892525565865,0.1445439359942006,0.17986975250702994,0.21758185479944173,0.2569977967691222
8.259401750068409e-06,8.571166581623161e-05,0.0006348961757458489,0.0032630203309533226,0.011798146652016648,0.03155868277930918,0.06656664230652443,0.11744114100323302,0.18158778915215615,0.2546786866428091,0.33208159368593193,0.4097372174314866,0.48453079089883533,0.5543404252020181,0.617918504923247,0.6747086572194015,0.72465686711525
4.170113560188772e-05,0.00041625900421457795,0.0028616493352792713,0.01322680821219409,0.04212915953386235,0.0984512437019092,0.18170435079872815,0.2826309204421758,0.3893403653921649,0.4921160713011522,0.5849657615894369,0.6651946932094195,0.732375755275224,0.7873898865910194,0.8317324276678439,0.8670780543967262,0.8950389088852577
0.00011833689384816326,0.0011393403245595762,0.0073142289585867515,0.03073625473873457,0.0876833416760411,0.18308628713721445,0.303983677584669,0.4303389677432737,0.546735926520743,0.6456716281198228,0.7256290503131014,0.7882771599236047,0.8364789423550765,0.873214461317209,0.9011136413799608,0.9223182362383109,0.9384959793838408
0.00024627786225594545,0.0022931961956766484,0.013829554222236353,0.05338804758120472,0.13853752498714103,0.2637587457685325,0.4034814792016111,0.5335151051292836,0.6418640502137033,0.726630372586436,0.7908064283977706,0.8387210098512557,0.8744164787814799,0.9011438758593012,0.9213439276879227,0.9367881483125982,0.9487430102335017
0.0004231446134388432,0.0038204731771393384,0.021768258331759317,0.07795898477772192,0.18663691020816592,0.3298057214526126,0.4741411792188119,0.5975002655631072,0.6937884451312789,0.7658091337584643,0.8189398502698026,0.8582328991540716,0.8876121084069735,0.9099012261728362,0.9270720928984153,0.9404923216722825,0.9511163970828587
0.0006392830386784707,0.005610775200704012,0.030369561742254584,0.1018241239324927,0.22778371492568636,0.37932565488618347,0.5207278719790331,0.6348421383543151,0.7207946513575251,0.784071929123044,0.8307425515693367,0.8656213578471997,0.8921306127136072,0.9126160771591614,0.9286808134969232,0.9414350579292272,0.9516638595510996
0.0008817277092882001,0.007540637305283829,0.03897367547352171,0.12336823260264038,0.26080222828114974,0.41453268987490843,0.5501771557161922,0.65594940342608,0.7345154214140158,0.7924440726214149,0.8356369885601828,0.8683970819124663,0.8936696878319895,0.9134547645779791,0.9291315823343652,0.9416746365215114,0.9517900217541929
0.001137302287799997,0.009499162444548835,0.04710795103856842,0.14186365229252487,0.2862072427014869,0.4387521042840742,0.5683455297650192,0.6676780420402427,0.7414066445248989,0.7962534248792167,0.8376570295369918,0.8694368067567865,0.8941929807851207,0.9137135775578081,0.9292578085621692,0.9417354980709899,0.951819089377573
0.0013944888648430578,0.01139983138879184,0.054488398590128675,0.15718949505376828,0.3052102889348293,0.45507025267554096,0.5793956793986897,0.6741355170460779,0.7448481337506015,0.7979808459910653,0.8384891190115197,0.8698258359925894,0.8943707944375837,0.9137934188572775,0.9292931486506858,0.9417509576139794,0.9518257861875998
0.0016442569842579037,0.013182842897061354,0.06098354979425159,0.16957065938300586,0.31915408270757417,0.4659201717132453,0.5860602292841534,0.6776731363888052,0.7465619900819833,0.7987629827060695,0.8388315960461686,0.8699713374243618,0.8944312025638979,0.9138180466001267,0.9293030424685974,0.9417548844231338,0.9518273290294471
0.0018801930068902196,0.014812296560472884,0.06656950867472876,0.1793902885877262,0.3292512928562437,0.47307325173065107,0.5900597925844754,0.6796059188292137,0.7474142976219408,0.7991168721930043,0.8389725085703856,0.8700257482665716,0.8944517234010039,0.9138256430012436,0.929305812304912,0.9417558818481832,0.9518276844754904
0.0020982382527355873,0.016271291297239695,0.07128990854146812,0.18707387191142527,0.33649651608409,0.4777633667583049,0.5924529519205701,0.6806603425616039,0.7478378600820728,0.7992769448924779,0.8390304793044947,0.8700460942476353,0.8944586942295577,0.9138279860802412,0.929306587734899,0.9417561351976929,0.9518277663645136
0.0022962575532302553,0.017556751693397692,0.07522531590707622,0.1930264582095222,0.34166237295887,0.4808277224597844,0.5938823991137065,0.6812351194835133,0.7480482811733078,0.7993493394077567,0.8390543268542454,0.870053702107041,0.8944610621668888,0.9138287087912443,0.9293068048202926,0.9417561995493442,0.9518277852304181
0.0024735752054565476,0.01867487026002914,0.07847209121217542,0.1976040761759256,0.34532935190896025,0.4828252917352911,0.5947353242429957,0.6815482994827505,0.748152798171874,0.7993820784809821,0.8390641368485442,0.8700565468486556,0.8944618665349343,0.9138289317076334,0.9293068655943844,0.9417562158948841,0.9518277895768171
0.002630551321376654,0.019637482380076614,0.08112897200335328,0.2011050271921864,0.34792430426112364,0.4841255250481945,0.5952439327365583,0.681718902052212,0.7482047077825332,0.7993968836913142,0.8390681722769288,0.8700576105552875,0.8944621397716197,0.9138290004649956,0.9293068826083801,0.9417562200467073,0.9518277905781569
0.002768229559571058,0.020459383876741052,0.083289307629619,0.2037715851116167,0.3497566559068739,0.484971044794959,0.5955471091892985,0.6818118245664413,0.7482304882227676,0.7994035787921449,0.8390698322798285,0.8700580082963411,0.8944622325876669,0.9138290216728325,0.9293068873715283,0.9417562211012844,0.9518277908088492
0.0028880626343335217,0.021156463057522792,0.08503712711185292,0.2057963932550508,0.3510485546611061,0.48552052973068205,0.5957277897915991,0.6818624333329142,0.7482432915783388,0.7994066063824304,0.839070515133038,0.8700581570195647,0.8944622641164405,0.9138290282142749,0.9293068887049944,0.9417562213691513,0.951827790861997
0.0029917093400410534,0.02174447666193322,0.08644564422465238,0.20733037114387506,0.35195843744603805,0.48587748383738094,0.5958354537960878,0.6818899955339948,0.7482496500505106,0.799407975484814,0.8390707960290523,0.8700582126301016,0.8944622748264806,0.9138290302319482,0.9293068890783052,0.94175622143719,0.9518277908742414
0.0030808915645378506,0.022238304610891185,0.08757721103525418,0.2084905002637865,0.35259878797238914,0.48610930609539554,0.5958996036299155,0.681905005958396,0.748252807813307,0.799408594603949,0.8390709115773844,0.8700582334239741,0.8944622784645838,0.9138290308542881,0.9293068891828151,0.9417562214544721,0.9518277908770627
0.003157298666550797,0.02265154377602363,0.08848405942586078,0.2093667587866021,0.35304921269484185,0.4862598364203704,0.5959378244755739,0.681913180569615,0.7482543760265621,0.7994088745744604,0.8390709591089084,0.8700582411992106,0.8944622797004151,0.9138290310462456,0.9293068892120728,0.941756221458862,0.9518277908777126
0.0032225275796132083,0.022996331223175098,0.08920941113132157,0.21002796466163257,0.3533659262697785,0.48635757024978876,0.5959605960460709,0.6819176323994173,0.7482551548341687,0.7994090011792824,0.8390709786612957,0.870058244106525,0.8944622801202156,0.9138290311054539,0.9293068892202639,0.9417562214599768,0.9518277908778618
0.0032780488418825775,0.023283315499712073,0.08978870333230939,0.21052653279045527,0.35358856401133865,0.4864210207001206,0.595974162879366,0.6819200568231858,0.7482555416061226,0.799409058430952,0.8390709867042901,0.8700582451936264,0.8944622802628182,0.9138290311237164,0.9293068892225569,0.9417562214602603,0.9518277908778962
0.0033251907606999843,0.023521717869906613,0.09025078671609059,0.21090226147839186,0.35374504154494285,0.4864622118864559,0.5959822456398844,0.6819213771386683,0.7482557336850088,0.7994090843205934,0.8390709900128264,0.8700582456001148,0.8944622803112586,0.9138290311293489,0.9293068892231988,0.941756221460332,0.9518277908779041
0.003365135771452663,0.023719443512214708,0.09061902256181069,0.2111852998462173,0.3538550053539552,0.4864889518480042,0.5959870611065776,0.6819220961677639,0.7482558290753089,0.7994090960280867,0.8390709913738126,0.8700582457521089,0.8944622803277136,0.9138290311310865,0.9293068892233787,0.9417562214603501,0.9518277908779063
0.0033989246104131864,0.02388321611516583,0.0909122477854682,0.21139844809135605,0.3539322749475279,0.48650631021015406,0.5959899300074029,0.6819224877427813,0.7482558764480771,0.7994091013223046,0.8390709919336627,0.8700582458089426,0.8944622803333033,0.9138290311316225,0.9293068892234291,0.9417562214603548,0.9518277908779068
0.003427465165535226,0.02401871891389518,0.09114560143987643,0.2115589266675372,0.35398656748434176,0.48651757832296055,0.5959916392030663,0.6819227009899922,0.7482558999743594,0.7994091037163903,0.8390709921639609,0.8700582458301936,0.8944622803352021,0.9138290311317879,0.9293068892234427,0.9417562214603559,0.9518277908779068
0.0034515438236167105,0.024130731881243234,0.09133121945285301,0.2116797292697091,0.35402471378528577,0.4865248929138523,0.5959926574837127,0.6819228171219298,0.7482559116579903,0.799409104799014,0.8390709922586953,0.87005824583814,0.894462280335847,0.9138290311318388,0.9293068892234468,0.9417562214603563,0.9518277908779068
0.003471837842569269,0.024223259294004772,0.09147881077440627,0.21177065322003258,0.3540515147996588,0.4865296410872169,0.5959932641402407,0.6819228803660197,0.7482559174603195,0.7994091052885847,0.839070992297665,0.8700582458411114,0.894462280336066,0.9138290311318543,0.929306889223448,0.9417562214603563,0.9518277908779068
0.0034889277929672498,0.024299644851364547,0.09159613042576471,0.21183908175795718,0.35407034437614965,0.48653272329265856,0.595993625565141,0.6819229148080064,0.7482559203418742,0.7994091055099724,0.8390709923136953,0.8700582458422222,0.8944622803361405,0.9138290311318594,0.9293068892234485,0.9417562214603563,0.9518277908779068
0.0035033094785200626,0.024362673396838987,0.09168936499011467,0.21189057661385916,0.3540835732602747,0.4865347240555192,0.5959938408894939,0.6819229335647071,0.7482559217729131,0.7994091056100849,0.8390709923202899,0.8700582458426377,0.894462280336166,0.9138290311318611,0.9293068892234485,0.9417562214603563,0.9518277908779068
0.0035154049983594287,0.02441465943097274,0.09176344495759374,0.21192932611145868,0.35409286722872146,0.486536022815849,0.5959939691722148,0.6819229437793852,0.7482559224835961,0.799409105655357,0.8390709923230021,0.8700582458427932,0.8944622803361743,0.9138290311318615,0.9293068892234485,0.9417562214603563,0.9518277908779068
0.003525572785177977,0.024457523245541773,0.09182229669170004,0.21195848359108452,0.3540993966680079,0.4865368658826725,0.5959940455985676,0.6819229493421786,0.7482559228365357,0.7994091056758291,0.839070992324118,0.8700582458428507,0.8944622803361773,0.9138290311318615,0.9293068892234485,0.9417562214603563,0.9518277908779068
0.0035341165655044587,0.024492855833204007,0.0918690449967457,0.21198042275636703,0.354103983874318,0.4865374131439436,0.5959940911307097,0.68192295237161,0.748255923011813,0.7994091056850868,0.8390709923245769,0.8700582458428728,0.8944622803361784,0.9138290311318615,0.9293068892234485,0.9417562214603563,0.9518277908779068
0.0035412932591751324,0.024521973847576897,0.09190617553933353,0.21199693020094545,0.35410720656806,0.48653776838835705,0.5959941182571631,0.6819229540214026,0.7482559230988587,0.7994091056892734,0.8390709923247659,0.8700582458428807,0.8944622803361788,0.9138290311318615,0.9293068892234485,0.9417562214603563,0.9518277908779068
0.0035473198771708435,0.02454596588724621,0.09193566481009204,0.21200935049256955,0.3541094706318488,0.48653799898856,0.595994134418152,0.6819229549198602,0.7482559231420877,0.7994091056911665,0.8390709923248433,0.8700582458428838,0.8944622803361788,0.9138290311318615,0.9293068892234485,0.9417562214603563,0.9518277908779068
0.003552379499692868,0.024565731305874503,0.09195908394346539,0.21201869546163157,0.35411106121904073,0.48653814867830225,0.5959941440463027,0.6819229554091496,0.7482559231635563,0.7994091056920226,0.8390709923248754,0.8700582458428853,0.8944622803361788,0.9138290311318615,0.9293068892234485,0.9417562214603563,0.9518277908779068
0.0035566264262334823,0.024582012643435288,0.09197768154786075,0.21202572650094526,0.3541121786629709,0.48653824584654504,0.5959941497824165,0.6819229556756107,0.7482559231742179,0.7994091056924097,0.8390709923248885,0.8700582458428853,0.8944622803361788,0.9138290311318615,0.9293068892234485,0.9417562214603563,0.9518277908779068
0.003560190591075236,0.024595422652080475,0.09199244972302552,0.21203101652761855,0.35411296370626,0.4865383089214527,0.5959941531997921,0.6819229558207227,0.7482559231795127,0.7994091056925848,0.8390709923248938,0.8700582458428857,0.8944622803361788,0.9138290311318615,0.9293068892234485,0.9417562214603563,0.9518277908779068
0.0035631813343106953,0.024606466767251055,0.09200417663538335,0.21203499662499412,0.35411351522616646,0.48653834986532185,0.5959941552357445,0.6819229558997484,0.7482559231821418,0.7994091056926641,0.8390709923248962,0.8700582458428857,0.8944622803361788,0.9138290311318615,0.9293068892234485,0.9417562214603563,0.9518277908779068
0.003565690612272088,0.024615561757818313,0.09201348836195143,0.2120379911479886,0.3541139026876921,0.4865383764432503,0.5959941564486934,0.6819229559427855,0.7482559231834477,0.7994091056926997,0.8390709923248972,0.8700582458428857,0.8944622803361788,0.9138290311318615,0.9293068892234485,0.9417562214603563,0.9518277908779068
0.0035677957236332053,0.024623051182175282,0.0920208821767007,0.21204024414280276,0.3541141748925297,0.4865383936958028,0.5959941571713255,0.6819229559662228,0.7482559231840966,0.7994091056927163,0.8390709923248972,0.8700582458428857,0.8944622803361788,0.9138290311318615,0.9293068892234485,0.9417562214603563,0.9518277908779068
0.003569561619323256,0.02462921818192413,0.09202675301903562,0.21204193922853037,0.35411436612560004,0.4865384048949665,0.5959941576018446,0.6819229559789863,0.7482559231844186,0.7994091056927233,0.8390709923248977,0.8700582458428857,0.8944622803361788,0.9138290311318615,0.9293068892234485,0.9417562214603563,0.9518277908779068
0.0035710428563545194,0.024634296061398768,0.09203141453429256,0.21204321455784178,0.35411450047325477,0.48653841216468857,0.5959941578583328,0.681922955985937,0.7482559231845786,0.7994091056927266,0.8390709923248977,0.8700582458428857,0.8944622803361788,0.9138290311318615,0.9293068892234485,0.9417562214603563,0.9518277908779068
0.003572285248055814,0.02463847702921271,0.09203511579525211,0.21204417407426554,0.3541145948569837,0.4865384168836893,0.5959941580111393,0.6819229559897224,0.7482559231846576,0.799409105692728,0.8390709923248977,0.8700582458428857,0.8944622803361788,0.9138290311318615,0.9293068892234485,0.9417562214603563,0.9518277908779068
0.003573327256206591,0.024641919416405433,0.09203805458861537,0.21204489598255882,0.3541146611647109,0.48653841994693797,0.5959941581021763,0.681922955991784,0.7482559231846974,0.7994091056927289,0.8390709923248977,0.8700582458428857,0.8944622803361788,0.9138290311318615,0.9293068892234485,0.9417562214603563,0.9518277908779068
0.003574201164263675,0.024644753633469352,0.09204038797044801,0.2120454391219583,0.3541147077481052,0.48653842193538727,0.5959941581564128,0.681922955992907,0.7482559231847166,0.7994091056927289,0.8390709923248977,0.8700582458428857,0.8944622803361788,0.9138290311318615,0.9293068892234485,0.9417562214603563,0.9518277908779068
0.0035749340652797097,0.02464708708442655,0.09204224065091972,0.21204584776144336,0.35411474047449504,0.48653842322615065,0.5959941581887253,0.6819229559935182,0.7482559231847268,0.7994091056927294,0.8390709923248977,0.8700582458428857,0.8944622803361788,0.9138290311318615,0.9293068892234485,0.9417562214603563,0.9518277908779068
0.0035755486932052593,0.024649008219087856,0.09204371165408631,0.2120461552076618,0.35411476346587606,0.4865384240640251,0.5959941582079755,0.681922955993851,0.7482559231847317,0.7994091056927294,0.8390709923248977,0.8700582458428857,0.8944622803361788,0.9138290311318615,0.9293068892234485,0.9417562214603563,0.9518277908779068
0.0035760641219985878,0.02465058987364459,0.0920448796071738,0.212046386519488,0.35411477961808807,0.48653842460791535,0.5959941582194442,0.6819229559940322,0.7482559231847336,0.7994091056927294,0.8390709923248977,0.8700582458428857,0.8944622803361788,0.9138290311318615,0.9293068892234485,0.9417562214603563,0.9518277908779068
0.0035764963532802013,0.02465189202390572,0.09204580694113351,0.21204656055040563,0.35411479096555587,0.4865384249609711,0.5959941582262769,0.6819229559941309,0.7482559231847349,0.7994091056927294,0.8390709923248977,0.8700582458428857,0.8944622803361788,0.9138290311318615,0.9293068892234485,0.9417562214603563,0.9518277908779068
0.0035768588101016147,0.024652964053995984,0.09204654322640812,0.21204669148514868,0.35411479893753,0.48653842519015056,0.5959941582303476,0.681922955994185,0.7482559231847357,0.7994091056927294,0.8390709923248977,0.8700582458428857,0.8944622803361788,0.9138290311318615,0.9293068892234485,0.9417562214603563,0.9518277908779068
0.003577162751687962,0.024653846625480213,0.09204712782184149,0.21204678999583146,0.35411480453810795,0.486538425338918,0.5959941582327729,0.6819229559942138,0.7482559231847357,0.7994091056927294,0.8390709923248977,0.8700582458428857,0.8944622803361788,0.9138290311318615,0.9293068892234485,0.9417562214603563,0.9518277908779068
0.0035774176217041615,0.024654573217079957,0.09204759197809774,0.21204686411178694,0.35411480847270055,0.4865384254354872,0.5959941582342178,0.6819229559942304,0.7482559231847362,0.7994091056927294,0.8390709923248977,0.8700582458428857,0.8944622803361788,0.9138290311318615,0.9293068892234485,0.9417562214603563,0.9518277908779068
0.0035776313406306846,0.024655171392894505,0.09204796050788024,0.21204691987400717,0.3541148112368828,0.4865384254981735,0.5959941582350781,0.6819229559942388,0.7482559231847362,0.7994091056927294,0.8390709923248977,0.8700582458428857,0.8944622803361788,0.9138290311318615,0.9293068892234485,0.9417562214603563,0.9518277908779068
0.0035778105511698904,0.024655663846902865,0.09204825311214336,0.21204696182752475,0.3541148131788133,0.4865384255388651,0.5959941582355914,0.6819229559942434,0.7482559231847362,0.7994091056927294,0.8390709923248977,0.8700582458428857,0.8944622803361788,0.9138290311318615,0.9293068892234485,0.9417562214603563,0.9518277908779068
0.003577960824194388,0.024656069263146646,0.09204848543313394,0.21204699339186217,0.35411481454308397,0.48653842556527915,0.5959941582358967,0.6819229559942462,0.7482559231847362,0.7994091056927294,0.8390709923248977,0.8700582458428857,0.8944622803361788,0.9138290311318615,0.9293068892234485,0.9417562214603563,0.9518277908779068
0.003578086831557801,0.02465640302407611,0.09204866989051923,0.21204701713974886,0.3541148155015296,0.4865384255824256,0.5959941582360787,0.6819229559942475,0.7482559231847362,0.7994091056927294,0.8390709923248977,0.8700582458428857,0.8944622803361788,0.9138290311318615,0.9293068892234485,0.9417562214603563,0.9518277908779068
0.0035781924910830583,0.02465667779383095,0.09204881634527656,0.21204703500681468,0.3541148161748697,0.48653842559355587,0.5959941582361874,0.6819229559942483,0.7482559231847362,0.7994091056927294,0.8390709923248977,0.8700582458428857,0.8944622803361788,0.9138290311318615,0.9293068892234485,0.9417562214603563,0.9518277908779068
0.0035782810881957896,0.024656903998517492,0.09204893262682065,0.2120470484493599,0.35411481664791356,0.48653842560078053,0.5959941582362518,0.6819229559942487,0.7482559231847362,0.7994091056927294,0.8390709923248977,0.8700582458428857,0.8944622803361788,0.9138290311318615,0.9293068892234485,0.9417562214603563,0.9518277908779068
0.00357835537795656,0.024657090221658177,0.09204902495153967,0.212047058563053,0.3541148169802425,0.48653842560547056,0.5959941582362905,0.6819229559942487,0.7482559231847362,0.7994091056927294,0.8390709923248977,0.8700582458428857,0.8944622803361788,0.9138290311318615,0.9293068892234485,0.9417562214603563,0.9518277908779068
0.003578417670644829,0.024657243529786495,0.0920490982551083,0.2120470661722358,0.3541148172137147,0.4865384256085149,0.5959941582363132,0.6819229559942491,0.7482559231847362,0.7994091056927294,0.8390709923248977,0.8700582458428857,0.8944622803361788,0.9138290311318615,0.9293068892234485,0.9417562214603563,0.9518277908779068
0.003578469903542118,0.024657369740520803,0.09204915645634014,0.21204707189711433,0.35411481737773676,0.4865384256104911,0.5959941582363268,0.6819229559942491,0.7482559231847362,0.7994091056927294,0.8390709923248977,0.8700582458428857,0.8944622803361788,0.9138290311318615,0.9293068892234485,0.9417562214603563,0.9518277908779068
0.0035785137011368913,0.02465747364327442,0.0920492026666824,0.21204707620430913,0.35411481749296764,0.486538425611774,0.5959941582363351,0.6819229559942491,0.7482559231847362,0.7994091056927294,0.8390709923248977,0.8700582458428857,0.8944622803361788,0.9138290311318615,0.9293068892234485,0.9417562214603563,0.9518277908779068
0.0035785504256167105,0.024657559180967747,0.09204923935655061,0.2120470794448893,0.35411481757392127,0.48653842561260674,0.5959941582363399,0.6819229559942491,0.7482559231847362,0.7994091056927294,0.8390709923248977,0.8700582458428857,0.8944622803361788,0.9138290311318615,0.9293068892234485,0.9417562214603563,0.9518277908779068
0.0035785812192131276,0.024657629599630894,0.09204926848739593,0.2120470818829866,0.35411481763079394,0.4865384256131471,0.5959941582363428,0.6819229559942491,0.7482559231847362,0.7994091056927294,0.8390709923248977,0.8700582458428857,0.8944622803361788,0.9138290311318615,0.9293068892234485,0.9417562214603563,0.9518277908779068
0.0035786070397129483,0.02465768757156943,0.09204929161656315,0.21204708371732414,0.35411481767074887,0.48653842561349797,0.5959941582363444,0.6819229559942491,0.7482559231847362,0.7994091056927294,0.8390709923248977,0.8700582458428857,0.8944622803361788,0.9138290311318615,0.9293068892234485,0.9417562214603563,0.9518277908779068
0.003578628690237962,0.024657735296764325,0.09204930998054629,0.21204708509741435,0.35411481769881836,0.4865384256137259,0.5959941582363455,0.6819229559942491,0.7482559231847362,0.7994091056927294,0.8390709923248977,0.8700582458428857,0.8944622803361788,0.9138290311318615,0.9293068892234485,0.9417562214603563,0.9518277908779068
0.0035786468442177456,0.024657774586351534,0.09204932456109134,0.21204708613574516,0.3541148177185383,0.48653842561387367,0.5959941582363459,0.6819229559942491,0.7482559231847362,0.7994091056927294,0.8390709923248977,0.8700582458428857,0.8944622803361788,0.9138290311318615,0.9293068892234485,0.9417562214603563,0.9518277908779068
0.0035786620663310663,0.024657806931348395,0.09204933613768045,0.21204708691694832,0.354114817732392,0.48653842561396976,0.5959941582363464,0.6819229559942491,0.7482559231847362,0.7994091056927294,0.8390709923248977,0.8700582458428857,0.8944622803361788,0.9138290311318615,0.9293068892234485,0.9417562214603563,0.9518277908779068
0.00357867483006646,0.024657833559233327,0.09204934532920322,0.21204708750469775,0.354114817742125,0.4865384256140318,0.5959941582363466,0.6819229559942491,0.7482559231847362,0.7994091056927294,0.8390709923248977,0.8700582458428857,0.8944622803361788,0.9138290311318615,0.9293068892234485,0.9417562214603563,0.9518277908779068
0.003578685532447622,0.02465785548052579,0.09204935262704281,0.2120470879468995,0.35411481774896264,0.4865384256140725,0.5959941582363466,0.6819229559942491,0.7482559231847362,0.7994091056927294,0.8390709923248977,0.8700582458428857,0.8944622803361788,0.9138290311318615,0.9293068892234485,0.9417562214603563,0.9518277908779068
0.003578694506381235,0.02465787352713361,0.09204935842134505,0.21204708827959642,0.3541148177537663,0.48653842561409877,0.595994158236347,0.6819229559942491,0.7482559231847362,0.7994091056927294,0.8390709923248977,0.8700582458428857,0.8944622803361788,0.9138290311318615,0.9293068892234485,0.9417562214603563,0.9518277908779068
0.003578702031011003,0.024657888383922567,0.09204936302187622,0.21204708852990564,0.3541148177571407,0.4865384256141156,0.595994158236347,0.6819229559942491,0.7482559231847362,0.7994091056927294,0.8390709923248977,0.8700582458428857,0.8944622803361788,0.9138290311318615,0.9293068892234485,0.9417562214603563,0.9518277908779068
0.003578708340399809,0.024657900614706338,0.09204936667458287,0.2120470887182294,0.3541148177595116,0.48653842561412686,0.595994158236347,0.6819229559942491,0.7482559231847362,0.7994091056927294,0.8390709923248977,0.8700582458428857,0.8944622803361788,0.9138290311318615,0.9293068892234485,0.9417562214603563,0.9518277908779068
0.0035787136308098834,0.024657910683642526,0.09204936957474066,0.2120470888599177,0.35411481776117737,0.486538425614134,0.595994158236347,0.6819229559942491,0.7482559231847362,0.7994091056927294,0.8390709923248977,0.8700582458428857,0.8944622803361788,0.9138290311318615,0.9293068892234485,0.9417562214603563,0.9518277908779068
0.0035787180668073767,0.024657918972847134,0.09204937187739345,0.21204708896651864,0.3541148177623475,0.48653842561413857,0.595994158236347,0.6819229559942491,0.7482559231847362,0.7994091056927294,0.8390709923248977,0.8700582458428857,0.8944622803361788,0.9138290311318615,0.9293068892234485,0.9417562214603563,0.9518277908779068
0.0035787217863810982,0.024657925796895703,0.0920493737056421,0.21204708904672157,0.35411481776316955,0.4865384256141415,0.595994158236347,0.6819229559942491,0.7482559231847362,0.7994091056927294,0.8390709923248977,0.8700582458428857,0.8944622803361788,0.9138290311318615,0.9293068892234485,0.9417562214603563,0.9518277908779068
0.0035787249052346747,0.024657931414761226,0.09204937515722576,0.21204708910706332,0.354114817763747,0.48653842561414373,0.595994158236347,0.6819229559942491,0.7482559231847362,0.7994091056927294,0.8390709923248977,0.8700582458428857,0.8944622803361788,0.9138290311318615,0.9293068892234485,0.9417562214603563,0.9518277908779068
0.0035787275203855357,0.02465793603964213,0.09204937630974697,0.21204708915246231,0.35411481776415266,0.48653842561414473,0.595994158236347,0.6819229559942491,0.7482559231847362,0.7994091056927294,0.8390709923248977,0.8700582458428857,0.8944622803361788,0.9138290311318615,0.9293068892234485,0.9417562214603563,0.9518277908779068
0.003578729713182715,0.0246579398470531,0.09204937722481991,0.2120470891866189,0.35411481776443776,0.4865384256141457,0.595994158236347,0.6819229559942491,0.7482559231847362,0.7994091056927294,0.8390709923248977,0.8700582458428857,0.8944622803361788,0.9138290311318615,0.9293068892234485,0.9417562214603563,0.9518277908779068
0.003578731551837268,0.024657942981485773,0.09204937795136489,0.21204708921231716,0.3541148177646381,0.4865384256141463,0.595994158236347,0.6819229559942491,0.7482559231847362,0.7994091056927294,0.8390709923248977,0.8700582458428857,0.8944622803361788,0.9138290311318615,0.9293068892234485,0.9417562214603563,0.9518277908779068
0.0035787330935440733,0.024657945561892308,0.09204937852822341,0.21204708923165158,0.35411481776477877,0.4865384256141467,0.595994158236347,0.6819229559942491,0.7482559231847362,0.7994091056927294,0.8390709923248977,0.8700582458428857,0.8944622803361788,0.9138290311318615,0.9293068892234485,0.9417562214603563,0.9518277908779068
0.003578734386260926,0.02465794768619943,0.09204937898623468,0.21204708924619808,0.35411481776487763,0.4865384256141467,0.595994158236347,0.6819229559942491,0.7482559231847362,0.7994091056927294,0.8390709923248977,0.8700582458428857,0.8944622803361788,0.9138290311318615,0.9293068892234485,0.9417562214603563,0.9518277908779068
0.003578735470200338,0.024657949435024928,0.09204937934988412,0.21204708925714233,0.35411481776494713,0.48653842561414695,0.595994158236347,0.6819229559942491,0.7482559231847362,0.7994091056927294,0.8390709923248977,0.8700582458428857,0.8944622803361788,0.9138290311318615,0.9293068892234485,0.9417562214603563,0.9518277908779068
0.0035787363790804254,0.02465795087473699,0.09204937963861277,0.21204708926537655,0.35411481776499587,0.48653842561414695,0.595994158236347,0.6819229559942491,0.7482559231847362,0.7994091056927294,0.8390709923248977,0.8700582458428857,0.8944622803361788,0.9138290311318615,0.9293068892234485,0.9417562214603563,0.9518277908779068
0.0035787371411737413,0.02465795205997291,0.09204937986785604,0.2120470892715716,0.35411481776503,0.4865384256141473,0.595994158236347,0.6819229559942491,0.7482559231847362,0.7994091056927294,0.8390709923248977,0.8700582458428857,0.8944622803361788,0.9138290311318615,0.9293068892234485,0.9417562214603563,0.9518277908779068
0.003578737780186754,0.024657953035712568,0.09204938004986943,0.21204708927623234,0.3541148177650542,0.4865384256141473,0.595994158236347,0.6819229559942491,0.7482559231847362,0.7994091056927294,0.8390709923248977,0.8700582458428857,0.8944622803361788,0.9138290311318615,0.9293068892234485,0.9417562214603563,0.9518277908779068
0.0035787383159972836,0.02465795383898546,0.09204938019438348,0.21204708927973923,0.35411481776507103,0.4865384256141473,0.595994158236347,0.6819229559942491,0.7482559231847362,0.7994091056927294,0.8390709923248977,0.8700582458428857,0.8944622803361788,0.9138290311318615,0.9293068892234485,0.9417562214603563,0.9518277908779068
0.003578738765272824,0.024657954500275938,0.09204938030912409,0.21204708928237742,0.354114817765083,0.4865384256141473,0.595994158236347,0.6819229559942491,0.7482559231847362,0.7994091056927294,0.8390709923248977,0.8700582458428857,0.8944622803361788,0.9138290311318615,0.9293068892234485,0.9417562214603563,0.9518277908779068
0.0035787391419890235,0.024657955044680088,0.0920493804002252,0.2120470892843625,0.3541148177650914,0.4865384256141473,0.595994158236347,0.6819229559942491,0.7482559231847362,0.7994091056927294,0.8390709923248977,0.8700582458428857,0.8944622803361788,0.9138290311318615,0.9293068892234485,0.9417562214603563,0.9518277908779068
0.00357873945786443,0.024657955492858128,0.09204938047255731,0.21204708928585586,0.35411481776509723,0.4865384256141473,0.595994158236347,0.6819229559942491,0.7482559231847362,0.7994091056927294,0.8390709923248977,0.8700582458428857,0.8944622803361788,0.9138290311318615,0.9293068892234485,0.9417562214603563,0.9518277908779068
0.003578739722725009,0.02465795586181849,0.0920493805299871,0.21204708928697955,0.3541148177651011,0.4865384256141473,0.595994158236347,0.6819229559942491,0.7482559231847362,0.7994091056927294,0.8390709923248977,0.8700582458428857,0.8944622803361788,0.9138290311318615,0.9293068892234485,0.9417562214603563,0.9518277908779068
0.0035787399448098077,0.0246579561655633,0.09204938057558491,0.21204708928782495,0.3541148177651041,0.4865384256141473,0.595994158236347,0.6819229559942491,0.7482559231847362,0.7994091056927294,0.8390709923248977,0.8700582458428857,0.8944622803361788,0.9138290311318615,0.9293068892234485,0.9417562214603563,0.9518277908779068
0.0035787401310272394,0.024657956415619707,0.09204938061178845,0.2120470892884609,0.3541148177651062,0.4865384256141473,0.595994158236347,0.6819229559942491,0.7482559231847362,0.7994091056927294,0.8390709923248977,0.8700582458428857,0.8944622803361788,0.9138290311318615,0.9293068892234485,0.9417562214603563,0.9518277908779068
0.0035787402871699935,0.024657956621477444,0.09204938064053321,0.21204708928893948,0.3541148177651077,0.4865384256141473,0.595994158236347,0.6819229559942491,0.7482559231847362,0.7994091056927294,0.8390709923248977,0.8700582458428857,0.8944622803361788,0.9138290311318615,0.9293068892234485,0.9417562214603563,0.9518277908779068
0.003578740418095219,0.0246579567909488,0.09204938066335577,0.21204708928929958,0.3541148177651088,0.4865384256141473,0.595994158236347,0.6819229559942491,0.7482559231847362,0.7994091056927294,0.8390709923248977,0.8700582458428857,0.8944622803361788,0.9138290311318615,0.9293068892234485,0.9417562214603563,0.9518277908779068
0.0035787405278756225,0.02465795693046526,0.09204938068147633,0.21204708928957033,0.3541148177651095,0.4865384256141473,0.595994158236347,0.6819229559942491,0.7482559231847362,0.7994091056927294,0.8390709923248977,0.8700582458428857,0.8944622803361788,0.9138290311318615,0.9293068892234485,0.9417562214603563,0.9518277908779068
0.0035787406199261594,0.024657957045321484,0.09204938069586356,0.21204708928977417,0.3541148177651098,0.4865384256141473,0.595994158236347,0.6819229559942491,0.7482559231847362,0.7994091056927294,0.8390709923248977,0.8700582458428857,0.8944622803361788,0.9138290311318615,0.9293068892234485,0.9417562214603563,0.9518277908779068
